,Volcano_Number,Eruption_Number,Activity_Type,ExplosivityIndexMax,StartEvidenceMethod,StartDateYear,StartDateMonth,StartDateDay,EndDateYear,EndDateMonth,EndDateDay,StartDate,EndDate
140,282030,16945,Confirmed Eruption,2,Observations: Reported,2000,2,24,2000,2,24,2000-02-24,2000-02-24
141,282030,16946,Confirmed Eruption,3,Observations: Reported,2000,12,19,2004,7,5,2000-12-19,2004-07-05
142,282030,16947,Confirmed Eruption,2,Observations: Reported,2004,10,23,2024,12,19,2004-10-23,2024-12-19
143,282030,16939,Confirmed Eruption,2,Observations: Reported,1985,9,16,1987,6,16,1985-09-16,1987-06-16
144,282030,16940,Confirmed Eruption,2,Observations: Reported,1988,1,16,1989,12,16,1988-01-16,1989-12-16
145,282030,16941,Confirmed Eruption,2,Observations: Reported,1990,4,16,1996,7,14,1990-04-16,1996-07-14
146,282030,16942,Confirmed Eruption,1,Observations: Reported,1996,12,26,1997,4,17,1996-12-26,1997-04-17
147,282030,16943,Confirmed Eruption,1,Observations: Reported,1999,1,5,1999,2,24,1999-01-05,1999-02-24
148,282030,16944,Confirmed Eruption,1,Observations: Reported,1999,6,15,1999,6,30,1999-06-15,1999-06-30
149,282030,16936,Confirmed Eruption,2,Observations: Reported,1956,11,16,1984,5,16,1956-11-16,1984-05-16
150,282030,16938,Confirmed Eruption,2,Observations: Reported,1984,10,16,1984,10,16,1984-10-16,1984-10-16
190,274020,16878,Confirmed Eruption,2,Observations: Reported,1978,1,6,1978,1,9,1978-01-06,1978-01-09
329,282050,22296,Confirmed Eruption,3,Observations: Reported,2018,10,21,2019,2,3,2018-10-21,2019-02-03
330,282050,16975,Confirmed Eruption,2,Observations: Reported,1972,9,2,1972,9,2,1972-09-02,1972-09-02
331,282050,16976,Confirmed Eruption,2,Observations: Reported,1973,11,5,1973,11,19,1973-11-05,1973-11-19
332,282050,16977,Confirmed Eruption,1,Observations: Reported,1974,6,3,1974,6,3,1974-06-03,1974-06-03
333,282050,16978,Confirmed Eruption,2,Observations: Reported,1976,4,2,1976,4,2,1976-04-02,1976-04-02
334,282050,16979,Confirmed Eruption,2,Observations: Reported,1980,9,28,1980,9,28,1980-09-28,1980-09-28
335,282050,20952,Confirmed Eruption,1,Observations: Reported,2014,8,3,2014,8,3,2014-08-03,2014-08-03
336,282050,21073,Confirmed Eruption,3,Observations: Reported,2015,5,29,2015,6,19,2015-05-29,2015-06-19
337,282060,22339,Confirmed Eruption,2,Observations: Reported,2019,11,2,2019,11,2,2019-11-02,2019-11-02
338,282060,20781,Confirmed Eruption,1,Observations: Reported,2013,6,4,2013,6,4,2013-06-04,2013-06-04
339,282060,17001,Confirmed Eruption,2,Observations: Reported,2002,5,11,2002,7,16,2002-05-11,2002-07-16
340,282060,17002,Confirmed Eruption,2,Observations: Reported,2003,2,16,2003,10,16,2003-02-16,2003-10-16
341,282060,17003,Confirmed Eruption,2,Observations: Reported,2004,3,5,2004,10,16,2004-03-05,2004-10-16
342,282060,16996,Confirmed Eruption,1,Observations: Reported,1988,1,18,1988,1,18,1988-01-18,1988-01-18
343,282060,16997,Confirmed Eruption,1,Observations: Reported,1997,7,2,1997,7,2,1997-07-02,1997-07-02
344,282060,16998,Confirmed Eruption,2,Observations: Reported,1998,4,25,1999,8,16,1998-04-25,1999-08-16
345,282060,16999,Confirmed Eruption,2,Observations: Reported,2000,1,16,2000,3,16,2000-01-16,2000-03-16
346,282060,17000,Confirmed Eruption,1,Observations: Reported,2000,10,16,2001,12,16,2000-10-16,2001-12-16
347,282080,22203,Confirmed Eruption,2,Observations: Reported,2017,3,25,2024,12,19,2017-03-25,2024-12-19
348,282080,17088,Confirmed Eruption,3,Observations: Reported,1955,10,13,2016,8,22,1955-10-13,2016-08-22
454,272020,22249,Confirmed Eruption,2,Observations: Reported,2017,12,9,2017,12,9,2017-12-09,2017-12-09
455,272020,16638,Confirmed Eruption,2,Observations: Reported,2006,6,3,2006,7,25,2006-06-03,2006-07-25
456,272020,16749,Confirmed Eruption,2,Observations: Reported,2005,1,25,2005,5,25,2005-01-25,2005-05-25
457,272020,22106,Confirmed Eruption,2,Observations: Reported,2015,11,24,2016,6,18,2015-11-24,2016-06-18
458,272020,16743,Confirmed Eruption,1,Observations: Reported,1992,1,8,1992,1,8,1992-01-08,1992-01-08
459,272020,16744,Confirmed Eruption,2,Observations: Reported,1992,6,10,1992,6,10,1992-06-10,1992-06-10
460,272020,16745,Confirmed Eruption,2,Observations: Reported,1993,8,25,1993,9,3,1993-08-25,1993-09-03
461,272020,16746,Confirmed Eruption,2,Observations: Reported,1996,8,10,1996,8,10,1996-08-10,1996-08-10
462,272020,16747,Confirmed Eruption,1,Observations: Reported,2002,11,28,2002,11,28,2002-11-28,2002-11-28
463,272020,16748,Confirmed Eruption,1,Observations: Reported,2003,3,7,2003,7,23,2003-03-07,2003-07-23
464,272020,16737,Confirmed Eruption,1,Observations: Reported,1985,10,5,1985,12,7,1985-10-05,1985-12-07
465,272020,16738,Confirmed Eruption,2,Observations: Reported,1986,6,3,1986,8,18,1986-06-03,1986-08-18
466,272020,16739,Confirmed Eruption,1,Observations: Reported,1987,3,30,1987,7,2,1987-03-30,1987-07-02
467,272020,16740,Confirmed Eruption,1,Observations: Reported,1988,6,21,1988,7,2,1988-06-21,1988-07-02
468,272020,16741,Confirmed Eruption,2,Observations: Reported,1989,10,25,1989,12,13,1989-10-25,1989-12-13
469,272020,16742,Confirmed Eruption,2,Observations: Reported,1991,2,14,1991,2,14,1991-02-14,1991-02-14
470,272020,16733,Confirmed Eruption,1,Observations: Reported,1970,6,5,1970,8,24,1970-06-05,1970-08-24
471,272020,16734,Confirmed Eruption,2,Observations: Reported,1978,6,27,1978,9,2,1978-06-27,1978-09-02
472,272020,16735,Confirmed Eruption,2,Observations: Reported,1980,8,8,1980,8,8,1980-08-08,1980-08-08
473,272020,16736,Confirmed Eruption,1,Observations: Reported,1985,3,13,1985,3,14,1985-03-13,1985-03-14
598,268060,22295,Confirmed Eruption,1,Observations: Reported,2018,10,4,2018,10,6,2018-10-04,2018-10-06
599,268060,20765,Confirmed Eruption,2,Observations: Reported,2011,12,5,2011,12,23,2011-12-05,2011-12-23
600,268060,20766,Confirmed Eruption,1,Observations: Reported,2012,9,15,2012,9,17,2012-09-15,2012-09-17
601,268060,16675,Confirmed Eruption,2,Observations: Reported,2003,7,31,2003,10,2,2003-07-31,2003-10-02
602,268060,16676,Uncertain Eruption,1,unknown,2007,8,23,2007,8,23,2007-08-23,2007-08-23
603,268060,16677,Uncertain Eruption,1,unknown,2008,5,10,2008,5,10,2008-05-10,2008-05-10
604,268060,20989,Confirmed Eruption,2,Observations: Reported,2014,12,18,2014,12,25,2014-12-18,2014-12-25
605,268060,21087,Confirmed Eruption,2,Observations: Reported,2015,7,16,2015,9,8,2015-07-16,2015-09-08
606,268060,22150,Confirmed Eruption,1,Observations: Reported,2016,8,3,2016,8,4,2016-08-03,2016-08-04
607,268060,16669,Confirmed Eruption,2,Observations: Reported,1988,2,12,1988,3,16,1988-02-12,1988-03-16
608,268060,16670,Confirmed Eruption,3,Observations: Reported,1990,4,25,1990,4,26,1990-04-25,1990-04-26
609,268060,16671,Uncertain Eruption,1,unknown,1991,6,15,1991,6,15,1991-06-15,1991-06-15
610,268060,16672,Confirmed Eruption,2,Observations: Reported,1993,5,6,1993,5,21,1993-05-06,1993-05-21
611,268060,16673,Confirmed Eruption,2,Observations: Reported,1994,1,16,1994,10,15,1994-01-16,1994-10-15
612,268060,16674,Confirmed Eruption,2,Observations: Reported,1996,7,2,1996,7,2,1996-07-02,1996-07-02
613,268060,16667,Confirmed Eruption,2,Observations: Reported,1980,9,4,1980,9,23,1980-09-04,1980-09-23
614,268060,16668,Confirmed Eruption,3,Observations: Reported,1983,8,9,1983,8,12,1983-08-09,1983-08-12
615,268070,16689,Confirmed Eruption,3,Observations: Reported,1988,7,29,1988,8,5,1988-07-29,1988-08-05
688,273010,22229,Confirmed Eruption,1,Observations: Reported,2017,6,5,2017,6,5,2017-06-05,2017-06-05
689,273010,16770,Confirmed Eruption,2,Observations: Reported,2006,3,21,2006,6,28,2006-03-21,2006-06-28
690,273010,16771,Confirmed Eruption,2,Observations: Reported,2006,10,10,2007,10,4,2006-10-10,2007-10-04
691,273010,16772,Confirmed Eruption,2,Observations: Reported,2010,11,6,2011,5,13,2010-11-06,2011-05-13
692,273010,21072,Confirmed Eruption,2,Observations: Reported,2015,5,1,2015,7,17,2015-05-01,2015-07-17
693,273010,22114,Confirmed Eruption,2,Observations: Reported,2016,2,22,2016,2,22,2016-02-22,2016-02-22
694,273010,22151,Confirmed Eruption,2,Observations: Reported,2016,6,10,2016,12,29,2016-06-10,2016-12-29
695,273010,16764,Confirmed Eruption,2,Observations: Reported,1978,7,29,1978,8,14,1978-07-29,1978-08-14
696,273010,16765,Confirmed Eruption,3,Observations: Reported,1979,12,27,1980,9,28,1979-12-27,1980-09-28
697,273010,16766,Confirmed Eruption,3,Observations: Reported,1981,4,9,1981,4,27,1981-04-09,1981-04-27
698,273010,16767,Confirmed Eruption,2,Observations: Reported,1983,6,25,1983,6,29,1983-06-25,1983-06-29
699,273010,16768,Confirmed Eruption,2,Observations: Reported,1988,2,20,1988,3,8,1988-02-20,1988-03-08
700,273010,16769,Confirmed Eruption,2,Observations: Reported,1994,11,27,1995,1,28,1994-11-27,1995-01-28
701,273030,22250,Confirmed Eruption,2,Observations: Reported,2018,1,13,2019,10,12,2018-01-13,2019-10-12
702,273030,20798,Confirmed Eruption,2,Observations: Reported,2013,5,7,2013,5,7,2013-05-07,2013-05-07
703,273030,16816,Confirmed Eruption,1,Observations: Reported,2006,2,21,2006,2,23,2006-02-21,2006-02-23
704,273030,16817,Confirmed Eruption,1,Observations: Reported,2006,7,13,2006,10,1,2006-07-13,2006-10-01
705,273030,16818,Confirmed Eruption,1,Observations: Reported,2008,8,10,2008,8,10,2008-08-10,2008-08-10
706,273030,16819,Confirmed Eruption,2,Observations: Reported,2009,9,15,2010,1,1,2009-09-15,2010-01-01
707,273030,16810,Confirmed Eruption,3,Observations: Reported,2001,1,8,2001,8,8,2001-01-08,2001-08-08
708,273030,16811,Confirmed Eruption,1,Observations: Reported,2002,10,11,2002,10,11,2002-10-11,2002-10-11
709,273030,16812,Confirmed Eruption,2,Observations: Reported,2003,3,17,2003,5,14,2003-03-17,2003-05-14
710,273030,16814,Confirmed Eruption,1,Observations: Reported,2004,6,3,2004,9,12,2004-06-03,2004-09-12
711,273030,16805,Confirmed Eruption,2,Observations: Reported,1978,3,7,1978,9,16,1978-03-07,1978-09-16
712,273030,16806,Confirmed Eruption,3,Observations: Reported,1984,9,9,1984,10,6,1984-09-09,1984-10-06
713,273030,16807,Confirmed Eruption,2,Observations: Reported,1993,2,2,1993,4,4,1993-02-02,1993-04-04
714,273030,16808,Confirmed Eruption,3,Observations: Reported,1999,6,22,2000,3,19,1999-06-22,2000-03-19
715,273030,16809,Confirmed Eruption,2,Observations: Reported,2000,7,16,2000,8,31,2000-07-16,2000-08-31
870,283040,17457,Confirmed Eruption,2,Observations: Reported,1979,10,28,1980,4,25,1979-10-28,1980-04-25
871,283040,20964,Confirmed Eruption,3,Observations: Reported,2014,9,27,2014,10,14,2014-09-27,2014-10-14
872,283070,17524,Confirmed Eruption,1,Observations: Reported,1995,2,11,1995,2,11,1995-02-11,1995-02-11
964,267010,16493,Confirmed Eruption,4,Observations: Reported,2002,9,25,2002,9,29,2002-09-25,2002-09-29
965,267020,22256,Confirmed Eruption,1,Observations: Reported,2018,2,2,2018,2,2,2018-02-02,2018-02-02
966,267020,22294,Confirmed Eruption,2,Observations: Reported,2018,11,25,2021,1,30,2018-11-25,2021-01-30
967,267020,20914,Confirmed Eruption,2,Observations: Reported,2014,6,8,2016,3,15,2014-06-08,2016-03-15
968,267020,16544,Confirmed Eruption,3,Observations: Reported,2010,8,6,2010,12,16,2010-08-06,2010-12-16
969,267020,22574,Confirmed Eruption,1,Observations: Satellite (visual),2018,7,4,2018,7,4,2018-07-04,2018-07-04
970,267020,20913,Confirmed Eruption,2,Observations: Reported,2014,2,9,2014,2,9,2014-02-09,2014-02-09
971,267020,16540,Confirmed Eruption,2,Observations: Reported,2004,4,2,2005,8,5,2004-04-02,2005-08-05
972,267020,16541,Confirmed Eruption,1,Observations: Reported,2006,7,3,2007,10,16,2006-07-03,2007-10-16
973,267020,16542,Uncertain Eruption,1,Observations: Aviation,2008,3,12,2008,3,12,2008-03-12,2008-03-12
974,267020,20775,Confirmed Eruption,2,Observations: Reported,2011,3,11,2011,8,13,2011-03-11,2011-08-13
975,267020,20776,Confirmed Eruption,2,Observations: Reported,2012,5,14,2013,9,5,2012-05-14,2013-09-05
976,267020,16543,Confirmed Eruption,2,Observations: Reported,2008,11,29,2010,3,24,2008-11-29,2010-03-24
977,267020,16534,Confirmed Eruption,1,Observations: Reported,1989,7,16,1989,7,16,1989-07-16,1989-07-16
978,267020,16535,Confirmed Eruption,2,Observations: Reported,1991,7,2,1993,12,31,1991-07-02,1993-12-31
979,267020,16536,Confirmed Eruption,1,Observations: Reported,1995,11,9,1995,12,17,1995-11-09,1995-12-17
980,267020,16537,Confirmed Eruption,1,Observations: Reported,1996,10,1,1997,6,16,1996-10-01,1997-06-16
981,267020,16538,Confirmed Eruption,1,Observations: Reported,1998,7,5,1998,7,5,1998-07-05,1998-07-05
982,267020,16539,Confirmed Eruption,3,Observations: Reported,1999,3,16,2003,10,28,1999-03-16,2003-10-28
983,267020,16528,Confirmed Eruption,2,Observations: Reported,1976,9,15,1977,9,16,1976-09-15,1977-09-16
984,267020,16529,Confirmed Eruption,1,Observations: Reported,1978,2,22,1978,12,18,1978-02-22,1978-12-18
985,267020,16530,Confirmed Eruption,1,Observations: Reported,1979,5,31,1979,5,31,1979-05-31,1979-05-31
986,267020,16531,Confirmed Eruption,1,Observations: Reported,1980,3,24,1980,9,13,1980-03-24,1980-09-13
987,267020,16532,Confirmed Eruption,1,Observations: Reported,1982,7,2,1982,7,2,1982-07-02,1982-07-02
988,267020,16533,Confirmed Eruption,3,Observations: Reported,1983,5,16,1988,12,31,1983-05-16,1988-12-31
989,267020,16526,Confirmed Eruption,2,Observations: Reported,1970,11,27,1971,3,16,1970-11-27,1971-03-16
990,267020,16527,Confirmed Eruption,3,Observations: Reported,1972,1,16,1976,4,5,1972-01-16,1976-04-05
991,267040,16570,Confirmed Eruption,2,Observations: Reported,2004,6,2,2004,8,16,2004-06-02,2004-08-16
992,267040,16569,Confirmed Eruption,1,Observations: Reported,1992,4,7,1992,4,7,1992-04-07,1992-04-07
993,268030,16579,Confirmed Eruption,2,Observations: Reported,1998,12,18,1999,9,16,1998-12-18,1999-09-16
994,268030,16582,Confirmed Eruption,1,Observations: Reported,2008,4,5,2024,12,19,2008-04-05,2024-12-19
995,268040,16595,Confirmed Eruption,2,Observations: Reported,2007,7,8,2007,7,16,2007-07-08,2007-07-16
996,268040,20915,Uncertain Eruption,1,Observations: Reported,2013,1,23,2013,5,27,2013-01-23,2013-05-27
997,268040,16593,Confirmed Eruption,1,Observations: Reported,1981,3,4,1981,7,25,1981-03-04,1981-07-25
998,268040,16594,Confirmed Eruption,1,Observations: Reported,1987,4,13,1987,4,26,1987-04-13,1987-04-26
1007,273070,16858,Confirmed Eruption,1,Observations: Reported,1970,11,9,1970,11,13,1970-11-09,1970-11-13
1008,273070,16859,Confirmed Eruption,2,Observations: Reported,1976,9,3,1976,10,17,1976-09-03,1976-10-17
1009,273070,16860,Confirmed Eruption,2,Observations: Reported,1977,10,3,1977,11,12,1977-10-03,1977-11-12
1010,273083,16867,Confirmed Eruption,6,Observations: Reported,1991,4,2,1991,9,2,1991-04-02,1991-09-02
1011,273083,16868,Confirmed Eruption,1,Observations: Reported,1992,7,9,1992,10,30,1992-07-09,1992-10-30
1012,273083,16869,Confirmed Eruption,1,Observations: Reported,1993,2,16,1993,7,16,1993-02-16,1993-07-16
1072,266010,16423,Confirmed Eruption,4,Observations: Reported,1983,7,18,1983,12,16,1983-07-18,1983-12-16
1073,266020,20947,Confirmed Eruption,1,Observations: Reported,2005,12,22,2005,12,22,2005-12-22,2005-12-22
1074,266030,16426,Confirmed Eruption,1,Observations: Reported,1971,5,19,1971,5,19,1971-05-19,1971-05-19
1075,266030,16427,Confirmed Eruption,2,Observations: Reported,1973,1,6,1973,5,27,1973-01-06,1973-05-27
1076,266030,16428,Confirmed Eruption,3,Observations: Reported,1982,8,26,1982,11,10,1982-08-26,1982-11-10
1077,266030,13598,Confirmed Eruption,2,Observations: Reported,1970,2,16,1970,5,26,1970-02-16,1970-05-26
1078,266030,20988,Confirmed Eruption,3,Observations: Reported,2015,1,6,2015,3,9,2015-01-06,2015-03-09
1079,266030,22105,Confirmed Eruption,3,Observations: Reported,2016,1,2,2016,2,7,2016-01-02,2016-02-07
1080,266030,16439,Confirmed Eruption,3,Observations: Reported,2008,6,6,2008,11,2,2008-06-06,2008-11-02
1081,266030,20820,Confirmed Eruption,3,Observations: Reported,2011,7,3,2011,8,15,2011-07-03,2011-08-15
1082,266030,20821,Confirmed Eruption,3,Observations: Reported,2012,8,26,2012,9,19,2012-08-26,2012-09-19
1083,266030,16435,Confirmed Eruption,2,Observations: Reported,2000,5,13,2003,9,4,2000-05-13,2003-09-04
1084,266030,16436,Confirmed Eruption,3,Observations: Reported,2004,10,18,2004,12,27,2004-10-18,2004-12-27
1085,266030,16437,Confirmed Eruption,2,Observations: Reported,2005,4,19,2005,7,18,2005-04-19,2005-07-18
1086,266030,22293,Confirmed Eruption,3,Observations: Reported,2018,10,2,2018,12,16,2018-10-02,2018-12-16
1087,266030,16438,Confirmed Eruption,3,Observations: Reported,2007,6,16,2007,11,9,2007-06-16,2007-11-09
1088,266030,16429,Confirmed Eruption,3,Observations: Reported,1984,5,24,1984,8,31,1984-05-24,1984-08-31
1089,266030,16430,Confirmed Eruption,2,Observations: Reported,1985,5,19,1985,5,20,1985-05-19,1985-05-20
1090,266030,16431,Confirmed Eruption,2,Observations: Reported,1989,4,22,1989,4,23,1989-04-22,1989-04-23
1091,266030,16432,Confirmed Eruption,2,Observations: Reported,1991,5,22,1996,9,29,1991-05-22,1996-09-29
1092,266030,16433,Confirmed Eruption,1,Observations: Reported,2005,12,26,2006,1,24,2005-12-26,2006-01-24
1093,266030,16434,Confirmed Eruption,1,Observations: Reported,2006,12,14,2006,12,26,2006-12-14,2006-12-26
1094,266100,20793,Confirmed Eruption,2,Observations: Reported,2011,6,26,2012,5,2,2011-06-26,2012-05-02
1095,266100,20794,Confirmed Eruption,2,Observations: Reported,2012,9,15,2013,9,10,2012-09-15,2013-09-10
1096,266100,21071,Confirmed Eruption,1,Observations: Reported,2015,5,20,2015,5,27,2015-05-20,2015-05-27
1097,266100,21093,Confirmed Eruption,2,Observations: Reported,2015,8,30,2015,9,28,2015-08-30,2015-09-28
1098,266100,16459,Confirmed Eruption,3,Observations: Reported,1991,5,17,1992,1,16,1991-05-17,1992-01-16
1099,266100,16460,Confirmed Eruption,2,Observations: Reported,2000,5,10,2001,8,18,2000-05-10,2001-08-18
1100,266100,16461,Confirmed Eruption,2,Observations: Reported,2002,2,9,2002,5,16,2002-02-09,2002-05-16
1101,266100,16462,Confirmed Eruption,2,Observations: Reported,2002,12,23,2003,4,1,2002-12-23,2003-04-01
1102,266100,16463,Confirmed Eruption,3,Observations: Reported,2003,9,12,2003,9,12,2003-09-12,2003-09-12
1103,266100,20792,Confirmed Eruption,1,Observations: Reported,2011,2,22,2011,2,22,2011-02-22,2011-02-22
1104,266100,16453,Confirmed Eruption,2,Observations: Reported,1971,5,11,1971,10,26,1971-05-11,1971-10-26
1105,266100,16454,Confirmed Eruption,1,Observations: Reported,1973,9,15,1974,12,16,1973-09-15,1974-12-16
1106,266100,16455,Confirmed Eruption,2,Observations: Reported,1975,11,16,1980,7,2,1975-11-16,1980-07-02
1107,266100,16456,Uncertain Eruption,1,unknown,1984,6,5,1984,11,16,1984-06-05,1984-11-16
1108,266100,16457,Confirmed Eruption,2,Observations: Reported,1986,3,22,1987,5,13,1986-03-22,1987-05-13
1109,266100,16458,Confirmed Eruption,1,Observations: Reported,1988,4,21,1988,5,1,1988-04-21,1988-05-01
1110,266100,16452,Confirmed Eruption,2,Observations: Reported,1969,11,27,1970,12,26,1969-11-27,1970-12-26
1111,282090,22242,Confirmed Eruption,2,Observations: Reported,2017,10,11,2017,10,17,2017-10-11,2017-10-17
1112,282090,22257,Confirmed Eruption,3,Observations: Reported,2018,3,1,2018,6,27,2018-03-01,2018-06-27
1113,282090,20782,Confirmed Eruption,3,Observations: Reported,2011,1,19,2011,9,7,2011-01-19,2011-09-07
1114,282090,17160,Confirmed Eruption,1,Observations: Reported,1971,8,5,1971,8,5,1971-08-05,1971-08-05
1115,282090,17161,Confirmed Eruption,1,Observations: Reported,1979,2,16,1979,2,16,1979-02-16,1979-02-16
1116,282090,17162,Confirmed Eruption,1,Observations: Reported,1991,12,1,1992,4,19,1991-12-01,1992-04-19
1117,282090,17163,Confirmed Eruption,1,Observations: Reported,2008,8,22,2008,8,22,2008-08-22,2008-08-22
1118,282090,17164,Uncertain Eruption,1,Observations: Reported,2009,11,15,2009,11,15,2009-11-15,2009-11-15
1119,282090,17165,Confirmed Eruption,1,Observations: Reported,2010,3,30,2010,7,10,2010-03-30,2010-07-10
1120,282100,17182,Confirmed Eruption,2,Observations: Reported,1996,2,10,1996,5,1,1996-02-10,1996-05-01
1121,282100,17181,Confirmed Eruption,1,Observations: Reported,1990,11,17,1995,2,16,1990-11-17,1995-02-16
1122,282110,22174,Confirmed Eruption,3,Observations: Reported,2016,10,7,2016,11,12,2016-10-07,2016-11-12
1123,282110,17350,Confirmed Eruption,1,Observations: Reported,2005,4,14,2005,8,16,2005-04-14,2005-08-16
1124,282110,17351,Confirmed Eruption,1,Observations: Reported,2008,2,17,2008,2,17,2008-02-17,2008-02-17
1125,282110,20753,Confirmed Eruption,1,Observations: Reported,2011,5,15,2011,6,9,2011-05-15,2011-06-09
1126,282110,20935,Confirmed Eruption,1,Observations: Reported,2014,1,13,2014,2,19,2014-01-13,2014-02-19
1127,282110,20960,Confirmed Eruption,2,Observations: Reported,2014,8,30,2016,5,1,2014-08-30,2016-05-01
1128,282110,17345,Confirmed Eruption,2,Observations: Reported,1989,4,5,1991,2,9,1989-04-05,1991-02-09
1129,282110,22317,Confirmed Eruption,2,Observations: Reported,2019,4,16,2020,6,16,2019-04-16,2020-06-16
1130,282110,17346,Confirmed Eruption,2,Observations: Reported,1992,4,23,1993,6,10,1992-04-23,1993-06-10
1131,282110,17347,Confirmed Eruption,2,Observations: Reported,1994,5,2,1995,11,16,1994-05-02,1995-11-16
1132,282110,17348,Confirmed Eruption,1,Observations: Reported,2003,7,10,2003,7,14,2003-07-10,2003-07-14
1133,282110,17349,Confirmed Eruption,1,Observations: Reported,2004,1,14,2004,1,14,2004-01-14,2004-01-14
1134,282110,17339,Confirmed Eruption,2,Observations: Reported,1979,6,5,1980,3,8,1979-06-05,1980-03-08
1135,282110,17340,Confirmed Eruption,1,Observations: Reported,1980,9,24,1980,9,24,1980-09-24,1980-09-24
1136,282110,17341,Confirmed Eruption,1,Observations: Reported,1981,6,15,1981,6,15,1981-06-15,1981-06-15
1137,282110,17342,Confirmed Eruption,1,Observations: Reported,1983,7,16,1983,10,16,1983-07-16,1983-10-16
1138,282110,17343,Confirmed Eruption,1,Observations: Reported,1984,4,13,1985,6,24,1984-04-13,1985-06-24
1139,282110,17344,Confirmed Eruption,1,Observations: Reported,1988,5,26,1989,1,16,1988-05-26,1989-01-16
1140,282110,17335,Confirmed Eruption,2,Observations: Reported,1970,4,21,1972,9,16,1970-04-21,1972-09-16
1141,282110,17336,Confirmed Eruption,2,Observations: Reported,1973,1,16,1975,6,16,1973-01-16,1975-06-16
1142,282110,17337,Confirmed Eruption,1,Observations: Reported,1975,10,16,1976,1,13,1975-10-16,1976-01-13
1143,282110,17338,Confirmed Eruption,2,Observations: Reported,1977,4,11,1978,8,16,1977-04-11,1978-08-16
1144,282120,17365,Confirmed Eruption,1,Observations: Reported,1995,10,11,1996,3,24,1995-10-11,1996-03-24
