datetime,Unnamed: 0,Volcano_Number,Eruption_Number,Activity_Type,ExplosivityIndexMax,StartEvidenceMethod,StartDateYear,StartDateMonth,StartDateDay,EndDateYear,EndDateMonth,EndDateDay,StartDate,EndDate,EruptedVolume,DurationDays,DailyEruptedVolume,timeymd
19551013,348,282080,17088,Confirmed Eruption,3,Observations: Reported,1955,10,13,2016,8,22,1955-10-13,2016-08-22,50000000,22230,2249.212775528565,19551013
19561116,149,282030,16936,Confirmed Eruption,2,Observations: Reported,1956,11,16,1984,5,16,1956-11-16,1984-05-16,5000000,10044,497.8096375945838,19561116
19691127,1110,266100,16452,Confirmed Eruption,2,Observations: Reported,1969,11,27,1970,12,26,1969-11-27,1970-12-26,5000000,395,12658.227848101265,19691127
19700216,1077,266030,13598,Confirmed Eruption,2,Observations: Reported,1970,2,16,1970,5,26,1970-02-16,1970-05-26,5000000,100,50000.0,19700216
19700421,1140,282110,17335,Confirmed Eruption,2,Observations: Reported,1970,4,21,1972,9,16,1970-04-21,1972-09-16,5000000,880,5681.818181818182,19700421
19700605,470,272020,16733,Confirmed Eruption,1,Observations: Reported,1970,6,5,1970,8,24,1970-06-05,1970-08-24,100000,81,1234.567901234568,19700605
19701109,1007,273070,16858,Confirmed Eruption,1,Observations: Reported,1970,11,9,1970,11,13,1970-11-09,1970-11-13,100000,5,20000.0,19701109
19701127,989,267020,16526,Confirmed Eruption,2,Observations: Reported,1970,11,27,1971,3,16,1970-11-27,1971-03-16,5000000,110,45454.545454545456,19701127
19710511,1104,266100,16453,Confirmed Eruption,2,Observations: Reported,1971,5,11,1971,10,26,1971-05-11,1971-10-26,5000000,169,29585.798816568047,19710511
19710519,1074,266030,16426,Confirmed Eruption,1,Observations: Reported,1971,5,19,1971,5,19,1971-05-19,1971-05-19,100000,1,100000.0,19710519
19710805,1114,282090,17160,Confirmed Eruption,1,Observations: Reported,1971,8,5,1971,8,5,1971-08-05,1971-08-05,100000,1,100000.0,19710805
19720116,990,267020,16527,Confirmed Eruption,3,Observations: Reported,1972,1,16,1976,4,5,1972-01-16,1976-04-05,50000000,1542,32425.421530479896,19720116
19720902,330,282050,16975,Confirmed Eruption,2,Observations: Reported,1972,9,2,1972,9,2,1972-09-02,1972-09-02,5000000,1,5000000.0,19720902
19730106,1075,266030,16427,Confirmed Eruption,2,Observations: Reported,1973,1,6,1973,5,27,1973-01-06,1973-05-27,5000000,142,35211.2676056338,19730106
19730116,1141,282110,17336,Confirmed Eruption,2,Observations: Reported,1973,1,16,1975,6,16,1973-01-16,1975-06-16,5000000,882,5668.934240362812,19730116
19730915,1105,266100,16454,Confirmed Eruption,1,Observations: Reported,1973,9,15,1974,12,16,1973-09-15,1974-12-16,100000,458,218.34061135371178,19730915
19731105,331,282050,16976,Confirmed Eruption,2,Observations: Reported,1973,11,5,1973,11,19,1973-11-05,1973-11-19,5000000,15,333333.3333333333,19731105
19740603,332,282050,16977,Confirmed Eruption,1,Observations: Reported,1974,6,3,1974,6,3,1974-06-03,1974-06-03,100000,1,100000.0,19740603
19751016,1142,282110,17337,Confirmed Eruption,1,Observations: Reported,1975,10,16,1976,1,13,1975-10-16,1976-01-13,100000,90,1111.111111111111,19751016
19751116,1106,266100,16455,Confirmed Eruption,2,Observations: Reported,1975,11,16,1980,7,2,1975-11-16,1980-07-02,5000000,1691,2956.830277942046,19751116
19760402,333,282050,16978,Confirmed Eruption,2,Observations: Reported,1976,4,2,1976,4,2,1976-04-02,1976-04-02,5000000,1,5000000.0,19760402
19760903,1008,273070,16859,Confirmed Eruption,2,Observations: Reported,1976,9,3,1976,10,17,1976-09-03,1976-10-17,5000000,45,111111.11111111111,19760903
19760915,983,267020,16528,Confirmed Eruption,2,Observations: Reported,1976,9,15,1977,9,16,1976-09-15,1977-09-16,5000000,367,13623.978201634878,19760915
19770411,1143,282110,17338,Confirmed Eruption,2,Observations: Reported,1977,4,11,1978,8,16,1977-04-11,1978-08-16,5000000,493,10141.987829614605,19770411
19771003,1009,273070,16860,Confirmed Eruption,2,Observations: Reported,1977,10,3,1977,11,12,1977-10-03,1977-11-12,5000000,41,121951.21951219512,19771003
19780106,190,274020,16878,Confirmed Eruption,2,Observations: Reported,1978,1,6,1978,1,9,1978-01-06,1978-01-09,5000000,4,1250000.0,19780106
19780222,984,267020,16529,Confirmed Eruption,1,Observations: Reported,1978,2,22,1978,12,18,1978-02-22,1978-12-18,100000,300,333.3333333333333,19780222
19780307,711,273030,16805,Confirmed Eruption,2,Observations: Reported,1978,3,7,1978,9,16,1978-03-07,1978-09-16,5000000,194,25773.19587628866,19780307
19780627,471,272020,16734,Confirmed Eruption,2,Observations: Reported,1978,6,27,1978,9,2,1978-06-27,1978-09-02,5000000,68,73529.41176470589,19780627
19780729,695,273010,16764,Confirmed Eruption,2,Observations: Reported,1978,7,29,1978,8,14,1978-07-29,1978-08-14,5000000,17,294117.64705882355,19780729
19790216,1115,282090,17161,Confirmed Eruption,1,Observations: Reported,1979,2,16,1979,2,16,1979-02-16,1979-02-16,100000,1,100000.0,19790216
19790531,985,267020,16530,Confirmed Eruption,1,Observations: Reported,1979,5,31,1979,5,31,1979-05-31,1979-05-31,100000,1,100000.0,19790531
19790605,1134,282110,17339,Confirmed Eruption,2,Observations: Reported,1979,6,5,1980,3,8,1979-06-05,1980-03-08,5000000,278,17985.61151079137,19790605
19791028,870,283040,17457,Confirmed Eruption,2,Observations: Reported,1979,10,28,1980,4,25,1979-10-28,1980-04-25,5000000,181,27624.309392265193,19791028
19791227,696,273010,16765,Confirmed Eruption,3,Observations: Reported,1979,12,27,1980,9,28,1979-12-27,1980-09-28,50000000,277,180505.41516245488,19791227
19800324,986,267020,16531,Confirmed Eruption,1,Observations: Reported,1980,3,24,1980,9,13,1980-03-24,1980-09-13,100000,174,574.7126436781609,19800324
19800808,472,272020,16735,Confirmed Eruption,2,Observations: Reported,1980,8,8,1980,8,8,1980-08-08,1980-08-08,5000000,1,5000000.0,19800808
19800904,613,268060,16667,Confirmed Eruption,2,Observations: Reported,1980,9,4,1980,9,23,1980-09-04,1980-09-23,5000000,20,250000.0,19800904
19800924,1135,282110,17340,Confirmed Eruption,1,Observations: Reported,1980,9,24,1980,9,24,1980-09-24,1980-09-24,100000,1,100000.0,19800924
19800928,334,282050,16979,Confirmed Eruption,2,Observations: Reported,1980,9,28,1980,9,28,1980-09-28,1980-09-28,5000000,1,5000000.0,19800928
19810304,997,268040,16593,Confirmed Eruption,1,Observations: Reported,1981,3,4,1981,7,25,1981-03-04,1981-07-25,100000,144,694.4444444444445,19810304
19810409,697,273010,16766,Confirmed Eruption,3,Observations: Reported,1981,4,9,1981,4,27,1981-04-09,1981-04-27,50000000,19,2631578.947368421,19810409
19810615,1136,282110,17341,Confirmed Eruption,1,Observations: Reported,1981,6,15,1981,6,15,1981-06-15,1981-06-15,100000,1,100000.0,19810615
19820702,987,267020,16532,Confirmed Eruption,1,Observations: Reported,1982,7,2,1982,7,2,1982-07-02,1982-07-02,100000,1,100000.0,19820702
19820826,1076,266030,16428,Confirmed Eruption,3,Observations: Reported,1982,8,26,1982,11,10,1982-08-26,1982-11-10,50000000,77,649350.6493506493,19820826
19830516,988,267020,16533,Confirmed Eruption,3,Observations: Reported,1983,5,16,1988,12,31,1983-05-16,1988-12-31,50000000,2057,24307.243558580456,19830516
19830625,698,273010,16767,Confirmed Eruption,2,Observations: Reported,1983,6,25,1983,6,29,1983-06-25,1983-06-29,5000000,5,1000000.0,19830625
19830716,1137,282110,17342,Confirmed Eruption,1,Observations: Reported,1983,7,16,1983,10,16,1983-07-16,1983-10-16,100000,93,1075.268817204301,19830716
19830718,1072,266010,16423,Confirmed Eruption,4,Observations: Reported,1983,7,18,1983,12,16,1983-07-18,1983-12-16,500000000,152,3289473.6842105263,19830718
19830809,614,268060,16668,Confirmed Eruption,3,Observations: Reported,1983,8,9,1983,8,12,1983-08-09,1983-08-12,50000000,4,12500000.0,19830809
19840413,1138,282110,17343,Confirmed Eruption,1,Observations: Reported,1984,4,13,1985,6,24,1984-04-13,1985-06-24,100000,438,228.31050228310502,19840413
19840524,1088,266030,16429,Confirmed Eruption,3,Observations: Reported,1984,5,24,1984,8,31,1984-05-24,1984-08-31,50000000,100,500000.0,19840524
19840605,1107,266100,16456,Uncertain Eruption,1,unknown,1984,6,5,1984,11,16,1984-06-05,1984-11-16,100000,165,606.060606060606,19840605
19840909,712,273030,16806,Confirmed Eruption,3,Observations: Reported,1984,9,9,1984,10,6,1984-09-09,1984-10-06,50000000,28,1785714.2857142857,19840909
19841016,150,282030,16938,Confirmed Eruption,2,Observations: Reported,1984,10,16,1984,10,16,1984-10-16,1984-10-16,5000000,1,5000000.0,19841016
19850313,473,272020,16736,Confirmed Eruption,1,Observations: Reported,1985,3,13,1985,3,14,1985-03-13,1985-03-14,100000,2,50000.0,19850313
19850519,1089,266030,16430,Confirmed Eruption,2,Observations: Reported,1985,5,19,1985,5,20,1985-05-19,1985-05-20,5000000,2,2500000.0,19850519
19850916,143,282030,16939,Confirmed Eruption,2,Observations: Reported,1985,9,16,1987,6,16,1985-09-16,1987-06-16,5000000,639,7824.726134585289,19850916
19851005,464,272020,16737,Confirmed Eruption,1,Observations: Reported,1985,10,5,1985,12,7,1985-10-05,1985-12-07,100000,64,1562.5,19851005
19860322,1108,266100,16457,Confirmed Eruption,2,Observations: Reported,1986,3,22,1987,5,13,1986-03-22,1987-05-13,5000000,418,11961.722488038278,19860322
19860603,465,272020,16738,Confirmed Eruption,2,Observations: Reported,1986,6,3,1986,8,18,1986-06-03,1986-08-18,5000000,77,64935.06493506493,19860603
19870330,466,272020,16739,Confirmed Eruption,1,Observations: Reported,1987,3,30,1987,7,2,1987-03-30,1987-07-02,100000,95,1052.6315789473683,19870330
19870413,998,268040,16594,Confirmed Eruption,1,Observations: Reported,1987,4,13,1987,4,26,1987-04-13,1987-04-26,100000,14,7142.857142857143,19870413
19880116,144,282030,16940,Confirmed Eruption,2,Observations: Reported,1988,1,16,1989,12,16,1988-01-16,1989-12-16,5000000,701,7132.667617689016,19880116
19880118,342,282060,16996,Confirmed Eruption,1,Observations: Reported,1988,1,18,1988,1,18,1988-01-18,1988-01-18,100000,1,100000.0,19880118
19880212,607,268060,16669,Confirmed Eruption,2,Observations: Reported,1988,2,12,1988,3,16,1988-02-12,1988-03-16,5000000,34,147058.82352941178,19880212
19880220,699,273010,16768,Confirmed Eruption,2,Observations: Reported,1988,2,20,1988,3,8,1988-02-20,1988-03-08,5000000,18,277777.77777777775,19880220
19880421,1109,266100,16458,Confirmed Eruption,1,Observations: Reported,1988,4,21,1988,5,1,1988-04-21,1988-05-01,100000,11,9090.90909090909,19880421
19880526,1139,282110,17344,Confirmed Eruption,1,Observations: Reported,1988,5,26,1989,1,16,1988-05-26,1989-01-16,100000,236,423.728813559322,19880526
19880621,467,272020,16740,Confirmed Eruption,1,Observations: Reported,1988,6,21,1988,7,2,1988-06-21,1988-07-02,100000,12,8333.333333333334,19880621
19880729,615,268070,16689,Confirmed Eruption,3,Observations: Reported,1988,7,29,1988,8,5,1988-07-29,1988-08-05,50000000,8,6250000.0,19880729
19890405,1128,282110,17345,Confirmed Eruption,2,Observations: Reported,1989,4,5,1991,2,9,1989-04-05,1991-02-09,5000000,676,7396.449704142012,19890405
19890422,1090,266030,16431,Confirmed Eruption,2,Observations: Reported,1989,4,22,1989,4,23,1989-04-22,1989-04-23,5000000,2,2500000.0,19890422
19890716,977,267020,16534,Confirmed Eruption,1,Observations: Reported,1989,7,16,1989,7,16,1989-07-16,1989-07-16,100000,1,100000.0,19890716
19891025,468,272020,16741,Confirmed Eruption,2,Observations: Reported,1989,10,25,1989,12,13,1989-10-25,1989-12-13,5000000,50,100000.0,19891025
19900416,145,282030,16941,Confirmed Eruption,2,Observations: Reported,1990,4,16,1996,7,14,1990-04-16,1996-07-14,5000000,2282,2191.060473269062,19900416
19900425,608,268060,16670,Confirmed Eruption,3,Observations: Reported,1990,4,25,1990,4,26,1990-04-25,1990-04-26,50000000,2,25000000.0,19900425
19901117,1121,282100,17181,Confirmed Eruption,1,Observations: Reported,1990,11,17,1995,2,16,1990-11-17,1995-02-16,100000,1553,64.39150032195751,19901117
19910214,469,272020,16742,Confirmed Eruption,2,Observations: Reported,1991,2,14,1991,2,14,1991-02-14,1991-02-14,5000000,1,5000000.0,19910214
19910402,1010,273083,16867,Confirmed Eruption,6,Observations: Reported,1991,4,2,1991,9,2,1991-04-02,1991-09-02,50000000000,154,324675324.6753247,19910402
19910517,1098,266100,16459,Confirmed Eruption,3,Observations: Reported,1991,5,17,1992,1,16,1991-05-17,1992-01-16,50000000,245,204081.6326530612,19910517
19910522,1091,266030,16432,Confirmed Eruption,2,Observations: Reported,1991,5,22,1996,9,29,1991-05-22,1996-09-29,5000000,1958,2553.6261491317673,19910522
19910615,609,268060,16671,Uncertain Eruption,1,unknown,1991,6,15,1991,6,15,1991-06-15,1991-06-15,100000,1,100000.0,19910615
19910702,978,267020,16535,Confirmed Eruption,2,Observations: Reported,1991,7,2,1993,12,31,1991-07-02,1993-12-31,5000000,914,5470.459518599562,19910702
19911201,1116,282090,17162,Confirmed Eruption,1,Observations: Reported,1991,12,1,1992,4,19,1991-12-01,1992-04-19,100000,141,709.2198581560284,19911201
19920108,458,272020,16743,Confirmed Eruption,1,Observations: Reported,1992,1,8,1992,1,8,1992-01-08,1992-01-08,100000,1,100000.0,19920108
19920407,992,267040,16569,Confirmed Eruption,1,Observations: Reported,1992,4,7,1992,4,7,1992-04-07,1992-04-07,100000,1,100000.0,19920407
19920423,1130,282110,17346,Confirmed Eruption,2,Observations: Reported,1992,4,23,1993,6,10,1992-04-23,1993-06-10,5000000,414,12077.294685990339,19920423
19920610,459,272020,16744,Confirmed Eruption,2,Observations: Reported,1992,6,10,1992,6,10,1992-06-10,1992-06-10,5000000,1,5000000.0,19920610
19920709,1011,273083,16868,Confirmed Eruption,1,Observations: Reported,1992,7,9,1992,10,30,1992-07-09,1992-10-30,100000,114,877.1929824561404,19920709
19930202,713,273030,16807,Confirmed Eruption,2,Observations: Reported,1993,2,2,1993,4,4,1993-02-02,1993-04-04,5000000,62,80645.16129032258,19930202
19930216,1012,273083,16869,Confirmed Eruption,1,Observations: Reported,1993,2,16,1993,7,16,1993-02-16,1993-07-16,100000,151,662.2516556291391,19930216
19930506,610,268060,16672,Confirmed Eruption,2,Observations: Reported,1993,5,6,1993,5,21,1993-05-06,1993-05-21,5000000,16,312500.0,19930506
19930825,460,272020,16745,Confirmed Eruption,2,Observations: Reported,1993,8,25,1993,9,3,1993-08-25,1993-09-03,5000000,10,500000.0,19930825
19940116,611,268060,16673,Confirmed Eruption,2,Observations: Reported,1994,1,16,1994,10,15,1994-01-16,1994-10-15,5000000,273,18315.018315018315,19940116
19940502,1131,282110,17347,Confirmed Eruption,2,Observations: Reported,1994,5,2,1995,11,16,1994-05-02,1995-11-16,5000000,564,8865.248226950354,19940502
19941127,700,273010,16769,Confirmed Eruption,2,Observations: Reported,1994,11,27,1995,1,28,1994-11-27,1995-01-28,5000000,63,79365.07936507936,19941127
19950211,872,283070,17524,Confirmed Eruption,1,Observations: Reported,1995,2,11,1995,2,11,1995-02-11,1995-02-11,100000,1,100000.0,19950211
19951011,1144,282120,17365,Confirmed Eruption,1,Observations: Reported,1995,10,11,1996,3,24,1995-10-11,1996-03-24,100000,166,602.4096385542168,19951011
19951109,979,267020,16536,Confirmed Eruption,1,Observations: Reported,1995,11,9,1995,12,17,1995-11-09,1995-12-17,100000,39,2564.102564102564,19951109
19960210,1120,282100,17182,Confirmed Eruption,2,Observations: Reported,1996,2,10,1996,5,1,1996-02-10,1996-05-01,5000000,82,60975.60975609756,19960210
19960702,612,268060,16674,Confirmed Eruption,2,Observations: Reported,1996,7,2,1996,7,2,1996-07-02,1996-07-02,5000000,1,5000000.0,19960702
19960810,461,272020,16746,Confirmed Eruption,2,Observations: Reported,1996,8,10,1996,8,10,1996-08-10,1996-08-10,5000000,1,5000000.0,19960810
19961001,980,267020,16537,Confirmed Eruption,1,Observations: Reported,1996,10,1,1997,6,16,1996-10-01,1997-06-16,100000,259,386.1003861003861,19961001
19961226,146,282030,16942,Confirmed Eruption,1,Observations: Reported,1996,12,26,1997,4,17,1996-12-26,1997-04-17,100000,113,884.9557522123894,19961226
19970702,343,282060,16997,Confirmed Eruption,1,Observations: Reported,1997,7,2,1997,7,2,1997-07-02,1997-07-02,100000,1,100000.0,19970702
19980425,344,282060,16998,Confirmed Eruption,2,Observations: Reported,1998,4,25,1999,8,16,1998-04-25,1999-08-16,5000000,479,10438.413361169103,19980425
19980705,981,267020,16538,Confirmed Eruption,1,Observations: Reported,1998,7,5,1998,7,5,1998-07-05,1998-07-05,100000,1,100000.0,19980705
19981218,993,268030,16579,Confirmed Eruption,2,Observations: Reported,1998,12,18,1999,9,16,1998-12-18,1999-09-16,5000000,273,18315.018315018315,19981218
19990105,147,282030,16943,Confirmed Eruption,1,Observations: Reported,1999,1,5,1999,2,24,1999-01-05,1999-02-24,100000,51,1960.7843137254902,19990105
19990316,982,267020,16539,Confirmed Eruption,3,Observations: Reported,1999,3,16,2003,10,28,1999-03-16,2003-10-28,50000000,1688,29620.85308056872,19990316
19990615,148,282030,16944,Confirmed Eruption,1,Observations: Reported,1999,6,15,1999,6,30,1999-06-15,1999-06-30,100000,16,6250.0,19990615
19990622,714,273030,16808,Confirmed Eruption,3,Observations: Reported,1999,6,22,2000,3,19,1999-06-22,2000-03-19,50000000,272,183823.5294117647,19990622
20000116,345,282060,16999,Confirmed Eruption,2,Observations: Reported,2000,1,16,2000,3,16,2000-01-16,2000-03-16,5000000,61,81967.2131147541,20000116
20000224,140,282030,16945,Confirmed Eruption,2,Observations: Reported,2000,2,24,2000,2,24,2000-02-24,2000-02-24,5000000,1,5000000.0,20000224
20000510,1099,266100,16460,Confirmed Eruption,2,Observations: Reported,2000,5,10,2001,8,18,2000-05-10,2001-08-18,5000000,466,10729.613733905579,20000510
20000513,1083,266030,16435,Confirmed Eruption,2,Observations: Reported,2000,5,13,2003,9,4,2000-05-13,2003-09-04,5000000,1210,4132.231404958678,20000513
20000716,715,273030,16809,Confirmed Eruption,2,Observations: Reported,2000,7,16,2000,8,31,2000-07-16,2000-08-31,5000000,47,106382.97872340426,20000716
20001016,346,282060,17000,Confirmed Eruption,1,Observations: Reported,2000,10,16,2001,12,16,2000-10-16,2001-12-16,100000,427,234.192037470726,20001016
20001219,141,282030,16946,Confirmed Eruption,3,Observations: Reported,2000,12,19,2004,7,5,2000-12-19,2004-07-05,50000000,1295,38610.03861003861,20001219
20010108,707,273030,16810,Confirmed Eruption,3,Observations: Reported,2001,1,8,2001,8,8,2001-01-08,2001-08-08,50000000,213,234741.78403755868,20010108
20020209,1100,266100,16461,Confirmed Eruption,2,Observations: Reported,2002,2,9,2002,5,16,2002-02-09,2002-05-16,5000000,97,51546.39175257732,20020209
20020511,339,282060,17001,Confirmed Eruption,2,Observations: Reported,2002,5,11,2002,7,16,2002-05-11,2002-07-16,5000000,67,74626.86567164179,20020511
20020925,964,267010,16493,Confirmed Eruption,4,Observations: Reported,2002,9,25,2002,9,29,2002-09-25,2002-09-29,500000000,5,100000000.0,20020925
20021011,708,273030,16811,Confirmed Eruption,1,Observations: Reported,2002,10,11,2002,10,11,2002-10-11,2002-10-11,100000,1,100000.0,20021011
20021128,462,272020,16747,Confirmed Eruption,1,Observations: Reported,2002,11,28,2002,11,28,2002-11-28,2002-11-28,100000,1,100000.0,20021128
20021223,1101,266100,16462,Confirmed Eruption,2,Observations: Reported,2002,12,23,2003,4,1,2002-12-23,2003-04-01,5000000,100,50000.0,20021223
20030216,340,282060,17002,Confirmed Eruption,2,Observations: Reported,2003,2,16,2003,10,16,2003-02-16,2003-10-16,5000000,243,20576.1316872428,20030216
20030307,463,272020,16748,Confirmed Eruption,1,Observations: Reported,2003,3,7,2003,7,23,2003-03-07,2003-07-23,100000,139,719.4244604316547,20030307
20030317,709,273030,16812,Confirmed Eruption,2,Observations: Reported,2003,3,17,2003,5,14,2003-03-17,2003-05-14,5000000,59,84745.7627118644,20030317
20030710,1132,282110,17348,Confirmed Eruption,1,Observations: Reported,2003,7,10,2003,7,14,2003-07-10,2003-07-14,100000,5,20000.0,20030710
20030731,601,268060,16675,Confirmed Eruption,2,Observations: Reported,2003,7,31,2003,10,2,2003-07-31,2003-10-02,5000000,64,78125.0,20030731
20030912,1102,266100,16463,Confirmed Eruption,3,Observations: Reported,2003,9,12,2003,9,12,2003-09-12,2003-09-12,50000000,1,50000000.0,20030912
20040114,1133,282110,17349,Confirmed Eruption,1,Observations: Reported,2004,1,14,2004,1,14,2004-01-14,2004-01-14,100000,1,100000.0,20040114
20040305,341,282060,17003,Confirmed Eruption,2,Observations: Reported,2004,3,5,2004,10,16,2004-03-05,2004-10-16,5000000,226,22123.893805309734,20040305
20040402,971,267020,16540,Confirmed Eruption,2,Observations: Reported,2004,4,2,2005,8,5,2004-04-02,2005-08-05,5000000,491,10183.299389002037,20040402
20040602,991,267040,16570,Confirmed Eruption,2,Observations: Reported,2004,6,2,2004,8,16,2004-06-02,2004-08-16,5000000,76,65789.47368421052,20040602
20040603,710,273030,16814,Confirmed Eruption,1,Observations: Reported,2004,6,3,2004,9,12,2004-06-03,2004-09-12,100000,102,980.3921568627451,20040603
20041018,1084,266030,16436,Confirmed Eruption,3,Observations: Reported,2004,10,18,2004,12,27,2004-10-18,2004-12-27,50000000,71,704225.352112676,20041018
20041023,142,282030,16947,Confirmed Eruption,2,Observations: Reported,2004,10,23,2024,12,19,2004-10-23,2024-12-19,5000000,7363,679.0710308298248,20041023
20050125,456,272020,16749,Confirmed Eruption,2,Observations: Reported,2005,1,25,2005,5,25,2005-01-25,2005-05-25,5000000,121,41322.31404958678,20050125
20050414,1123,282110,17350,Confirmed Eruption,1,Observations: Reported,2005,4,14,2005,8,16,2005-04-14,2005-08-16,100000,125,800.0,20050414
20050419,1085,266030,16437,Confirmed Eruption,2,Observations: Reported,2005,4,19,2005,7,18,2005-04-19,2005-07-18,5000000,91,54945.054945054944,20050419
20051222,1073,266020,20947,Confirmed Eruption,1,Observations: Reported,2005,12,22,2005,12,22,2005-12-22,2005-12-22,100000,1,100000.0,20051222
20051226,1092,266030,16433,Confirmed Eruption,1,Observations: Reported,2005,12,26,2006,1,24,2005-12-26,2006-01-24,100000,30,3333.3333333333335,20051226
20060221,703,273030,16816,Confirmed Eruption,1,Observations: Reported,2006,2,21,2006,2,23,2006-02-21,2006-02-23,100000,3,33333.333333333336,20060221
20060321,689,273010,16770,Confirmed Eruption,2,Observations: Reported,2006,3,21,2006,6,28,2006-03-21,2006-06-28,5000000,100,50000.0,20060321
20060603,455,272020,16638,Confirmed Eruption,2,Observations: Reported,2006,6,3,2006,7,25,2006-06-03,2006-07-25,5000000,53,94339.62264150943,20060603
20060703,972,267020,16541,Confirmed Eruption,1,Observations: Reported,2006,7,3,2007,10,16,2006-07-03,2007-10-16,100000,471,212.31422505307856,20060703
20060713,704,273030,16817,Confirmed Eruption,1,Observations: Reported,2006,7,13,2006,10,1,2006-07-13,2006-10-01,100000,81,1234.567901234568,20060713
20061010,690,273010,16771,Confirmed Eruption,2,Observations: Reported,2006,10,10,2007,10,4,2006-10-10,2007-10-04,5000000,360,13888.888888888889,20061010
20061214,1093,266030,16434,Confirmed Eruption,1,Observations: Reported,2006,12,14,2006,12,26,2006-12-14,2006-12-26,100000,13,7692.307692307692,20061214
20070616,1087,266030,16438,Confirmed Eruption,3,Observations: Reported,2007,6,16,2007,11,9,2007-06-16,2007-11-09,50000000,147,340136.0544217687,20070616
20070708,995,268040,16595,Confirmed Eruption,2,Observations: Reported,2007,7,8,2007,7,16,2007-07-08,2007-07-16,5000000,9,555555.5555555555,20070708
20070823,602,268060,16676,Uncertain Eruption,1,unknown,2007,8,23,2007,8,23,2007-08-23,2007-08-23,100000,1,100000.0,20070823
20080217,1124,282110,17351,Confirmed Eruption,1,Observations: Reported,2008,2,17,2008,2,17,2008-02-17,2008-02-17,100000,1,100000.0,20080217
20080312,973,267020,16542,Uncertain Eruption,1,Observations: Aviation,2008,3,12,2008,3,12,2008-03-12,2008-03-12,100000,1,100000.0,20080312
20080405,994,268030,16582,Confirmed Eruption,1,Observations: Reported,2008,4,5,2024,12,19,2008-04-05,2024-12-19,100000,6103,16.385384237260364,20080405
20080510,603,268060,16677,Uncertain Eruption,1,unknown,2008,5,10,2008,5,10,2008-05-10,2008-05-10,100000,1,100000.0,20080510
20080606,1080,266030,16439,Confirmed Eruption,3,Observations: Reported,2008,6,6,2008,11,2,2008-06-06,2008-11-02,50000000,150,333333.3333333333,20080606
20080810,705,273030,16818,Confirmed Eruption,1,Observations: Reported,2008,8,10,2008,8,10,2008-08-10,2008-08-10,100000,1,100000.0,20080810
20080822,1117,282090,17163,Confirmed Eruption,1,Observations: Reported,2008,8,22,2008,8,22,2008-08-22,2008-08-22,100000,1,100000.0,20080822
20081129,976,267020,16543,Confirmed Eruption,2,Observations: Reported,2008,11,29,2010,3,24,2008-11-29,2010-03-24,5000000,481,10395.010395010395,20081129
20090915,706,273030,16819,Confirmed Eruption,2,Observations: Reported,2009,9,15,2010,1,1,2009-09-15,2010-01-01,5000000,109,45871.55963302752,20090915
20091115,1118,282090,17164,Uncertain Eruption,1,Observations: Reported,2009,11,15,2009,11,15,2009-11-15,2009-11-15,100000,1,100000.0,20091115
20100330,1119,282090,17165,Confirmed Eruption,1,Observations: Reported,2010,3,30,2010,7,10,2010-03-30,2010-07-10,100000,103,970.8737864077669,20100330
20100806,968,267020,16544,Confirmed Eruption,3,Observations: Reported,2010,8,6,2010,12,16,2010-08-06,2010-12-16,50000000,133,375939.84962406015,20100806
20101106,691,273010,16772,Confirmed Eruption,2,Observations: Reported,2010,11,6,2011,5,13,2010-11-06,2011-05-13,5000000,189,26455.026455026455,20101106
20110119,1113,282090,20782,Confirmed Eruption,3,Observations: Reported,2011,1,19,2011,9,7,2011-01-19,2011-09-07,50000000,232,215517.24137931035,20110119
20110222,1103,266100,20792,Confirmed Eruption,1,Observations: Reported,2011,2,22,2011,2,22,2011-02-22,2011-02-22,100000,1,100000.0,20110222
20110311,974,267020,20775,Confirmed Eruption,2,Observations: Reported,2011,3,11,2011,8,13,2011-03-11,2011-08-13,5000000,156,32051.28205128205,20110311
20110515,1125,282110,20753,Confirmed Eruption,1,Observations: Reported,2011,5,15,2011,6,9,2011-05-15,2011-06-09,100000,26,3846.153846153846,20110515
20110626,1094,266100,20793,Confirmed Eruption,2,Observations: Reported,2011,6,26,2012,5,2,2011-06-26,2012-05-02,5000000,312,16025.641025641025,20110626
20110703,1081,266030,20820,Confirmed Eruption,3,Observations: Reported,2011,7,3,2011,8,15,2011-07-03,2011-08-15,50000000,44,1136363.6363636365,20110703
20111205,599,268060,20765,Confirmed Eruption,2,Observations: Reported,2011,12,5,2011,12,23,2011-12-05,2011-12-23,5000000,19,263157.8947368421,20111205
20120514,975,267020,20776,Confirmed Eruption,2,Observations: Reported,2012,5,14,2013,9,5,2012-05-14,2013-09-05,5000000,480,10416.666666666666,20120514
20120826,1082,266030,20821,Confirmed Eruption,3,Observations: Reported,2012,8,26,2012,9,19,2012-08-26,2012-09-19,50000000,25,2000000.0,20120826
20120915,600,268060,20766,Confirmed Eruption,1,Observations: Reported,2012,9,15,2012,9,17,2012-09-15,2012-09-17,100000,3,33333.333333333336,20120915
20120915,1095,266100,20794,Confirmed Eruption,2,Observations: Reported,2012,9,15,2013,9,10,2012-09-15,2013-09-10,5000000,361,13850.415512465373,20120915
20130123,996,268040,20915,Uncertain Eruption,1,Observations: Reported,2013,1,23,2013,5,27,2013-01-23,2013-05-27,100000,125,800.0,20130123
20130507,702,273030,20798,Confirmed Eruption,2,Observations: Reported,2013,5,7,2013,5,7,2013-05-07,2013-05-07,5000000,1,5000000.0,20130507
20130604,338,282060,20781,Confirmed Eruption,1,Observations: Reported,2013,6,4,2013,6,4,2013-06-04,2013-06-04,100000,1,100000.0,20130604
20140113,1126,282110,20935,Confirmed Eruption,1,Observations: Reported,2014,1,13,2014,2,19,2014-01-13,2014-02-19,100000,38,2631.5789473684213,20140113
20140209,970,267020,20913,Confirmed Eruption,2,Observations: Reported,2014,2,9,2014,2,9,2014-02-09,2014-02-09,5000000,1,5000000.0,20140209
20140608,967,267020,20914,Confirmed Eruption,2,Observations: Reported,2014,6,8,2016,3,15,2014-06-08,2016-03-15,5000000,647,7727.975270479134,20140608
20140803,335,282050,20952,Confirmed Eruption,1,Observations: Reported,2014,8,3,2014,8,3,2014-08-03,2014-08-03,100000,1,100000.0,20140803
20140830,1127,282110,20960,Confirmed Eruption,2,Observations: Reported,2014,8,30,2016,5,1,2014-08-30,2016-05-01,5000000,611,8183.306055646482,20140830
20140927,871,283040,20964,Confirmed Eruption,3,Observations: Reported,2014,9,27,2014,10,14,2014-09-27,2014-10-14,50000000,18,2777777.777777778,20140927
20141218,604,268060,20989,Confirmed Eruption,2,Observations: Reported,2014,12,18,2014,12,25,2014-12-18,2014-12-25,5000000,8,625000.0,20141218
20150106,1078,266030,20988,Confirmed Eruption,3,Observations: Reported,2015,1,6,2015,3,9,2015-01-06,2015-03-09,50000000,63,793650.7936507936,20150106
20150501,692,273010,21072,Confirmed Eruption,2,Observations: Reported,2015,5,1,2015,7,17,2015-05-01,2015-07-17,5000000,78,64102.5641025641,20150501
20150520,1096,266100,21071,Confirmed Eruption,1,Observations: Reported,2015,5,20,2015,5,27,2015-05-20,2015-05-27,100000,8,12500.0,20150520
20150529,336,282050,21073,Confirmed Eruption,3,Observations: Reported,2015,5,29,2015,6,19,2015-05-29,2015-06-19,50000000,22,2272727.272727273,20150529
20150716,605,268060,21087,Confirmed Eruption,2,Observations: Reported,2015,7,16,2015,9,8,2015-07-16,2015-09-08,5000000,55,90909.09090909091,20150716
20150830,1097,266100,21093,Confirmed Eruption,2,Observations: Reported,2015,8,30,2015,9,28,2015-08-30,2015-09-28,5000000,30,166666.66666666666,20150830
20151124,457,272020,22106,Confirmed Eruption,2,Observations: Reported,2015,11,24,2016,6,18,2015-11-24,2016-06-18,5000000,208,24038.46153846154,20151124
20160102,1079,266030,22105,Confirmed Eruption,3,Observations: Reported,2016,1,2,2016,2,7,2016-01-02,2016-02-07,50000000,37,1351351.3513513512,20160102
20160222,693,273010,22114,Confirmed Eruption,2,Observations: Reported,2016,2,22,2016,2,22,2016-02-22,2016-02-22,5000000,1,5000000.0,20160222
20160610,694,273010,22151,Confirmed Eruption,2,Observations: Reported,2016,6,10,2016,12,29,2016-06-10,2016-12-29,5000000,203,24630.54187192118,20160610
20160803,606,268060,22150,Confirmed Eruption,1,Observations: Reported,2016,8,3,2016,8,4,2016-08-03,2016-08-04,100000,2,50000.0,20160803
20161007,1122,282110,22174,Confirmed Eruption,3,Observations: Reported,2016,10,7,2016,11,12,2016-10-07,2016-11-12,50000000,37,1351351.3513513512,20161007
20170325,347,282080,22203,Confirmed Eruption,2,Observations: Reported,2017,3,25,2024,12,19,2017-03-25,2024-12-19,5000000,2827,1768.6593562079943,20170325
20170605,688,273010,22229,Confirmed Eruption,1,Observations: Reported,2017,6,5,2017,6,5,2017-06-05,2017-06-05,100000,1,100000.0,20170605
20171011,1111,282090,22242,Confirmed Eruption,2,Observations: Reported,2017,10,11,2017,10,17,2017-10-11,2017-10-17,5000000,7,714285.7142857143,20171011
20171209,454,272020,22249,Confirmed Eruption,2,Observations: Reported,2017,12,9,2017,12,9,2017-12-09,2017-12-09,5000000,1,5000000.0,20171209
20180113,701,273030,22250,Confirmed Eruption,2,Observations: Reported,2018,1,13,2019,10,12,2018-01-13,2019-10-12,5000000,638,7836.990595611285,20180113
20180202,965,267020,22256,Confirmed Eruption,1,Observations: Reported,2018,2,2,2018,2,2,2018-02-02,2018-02-02,100000,1,100000.0,20180202
20180301,1112,282090,22257,Confirmed Eruption,3,Observations: Reported,2018,3,1,2018,6,27,2018-03-01,2018-06-27,50000000,119,420168.06722689077,20180301
20180704,969,267020,22574,Confirmed Eruption,1,Observations: Satellite (visual),2018,7,4,2018,7,4,2018-07-04,2018-07-04,100000,1,100000.0,20180704
20181002,1086,266030,22293,Confirmed Eruption,3,Observations: Reported,2018,10,2,2018,12,16,2018-10-02,2018-12-16,50000000,76,657894.7368421053,20181002
20181004,598,268060,22295,Confirmed Eruption,1,Observations: Reported,2018,10,4,2018,10,6,2018-10-04,2018-10-06,100000,3,33333.333333333336,20181004
20181021,329,282050,22296,Confirmed Eruption,3,Observations: Reported,2018,10,21,2019,2,3,2018-10-21,2019-02-03,50000000,106,471698.11320754717,20181021
20181125,966,267020,22294,Confirmed Eruption,2,Observations: Reported,2018,11,25,2021,1,30,2018-11-25,2021-01-30,5000000,798,6265.664160401003,20181125
20190416,1129,282110,22317,Confirmed Eruption,2,Observations: Reported,2019,4,16,2020,6,16,2019-04-16,2020-06-16,5000000,428,11682.242990654206,20190416
20191102,337,282060,22339,Confirmed Eruption,2,Observations: Reported,2019,11,2,2019,11,2,2019-11-02,2019-11-02,5000000,1,5000000.0,20191102
